intro,links
"Robert Vadra, Congress president Rahul Gandhi's brother-in-law, lashed out at what he called a ""vindictive government"" on Tuesday over the Enforcement Directorate's summons to his 75-year-old mother Maureen Vadra along with him in a money-laundering case.",https://www.ndtv.com/india-news/robert-vadra-on-questioning-of-mother-maureen-vadra-lows-of-this-vindictive-government-1992025
"After visit to Mumbai's Siddhivinayak temple to offer the first invitation card for their son Akash's wedding with Shloka Mehta, Reliance chairman Mukesh Ambani and wife Nita have officially begun inviting people for the event, expected next month.",https://www.ndtv.com/india-news/mukesh-ambani-nita-begin-invitation-for-son-akashs-wedding-invite-dmk-chief-1992004
A Tripura minister seen on video groping a female ministerial colleague on stage in the presence of Prime Minister Narendra Modi has landed in a major controversy with the opposition demanding that he be fired and charged with sexual harassment.,https://www.ndtv.com/india-news/on-stage-with-pm-modi-tripura-minister-monoj-kanti-deb-groped-colleague-video-shows-1992003
"Congress president Rahul Gandhi on Monday formed the election committee, coordination committee and campaign committee of the party's Kerala unit, a statement said.",https://www.ndtv.com/india-news/congress-president-rahul-gandhi-forms-poll-panels-for-kerala-andhra-pradesh-1991995
"As many as 79 fresh cases of Swine flu were detected in Rajasthan on Monday, according to data issued by the state's Health Department.",https://www.ndtv.com/india-news/79-new-swine-flu-cases-detected-in-rajasthan-number-of-deaths-reach-112-1991978
Samajwadi Party (SP) chief Akhilesh Yadav on Monday said that many small regional players were part of the SP-BSP alliance and all other parties should come together to oust BJP from power at the Centre in the coming Lok Sabha polls.,https://www.ndtv.com/india-news/samajwadi-party-chief-akhilesh-yadav-says-small-parties-are-with-samajwadi-party-bsp-alliance-1991975
"Taking a jibe at Congress President Rahul Gandhi, Union Minister Smriti Irani on Monday sought to know how those who ""looted the poor"" could criticize Prime Minister Narendra Modi.",https://www.ndtv.com/india-news/union-minister-smriti-irani-asks-congress-president-rahul-gandhi-how-can-those-who-looted-poor-targe-1991972
"After questioning for three consecutive days, the CBI on Monday asked Kolkata Police Commissioner Rajeev Kumar to report to them again today for further quizzing in the multi-crore Saradha chit fund case.",https://www.ndtv.com/india-news/cbi-to-continue-grilling-kolkata-top-cop-rajeev-kumar-today-1991971
"The Aam Aadmi Party (AAP) has invited Congress President Rahul Gandhi to attend its mega ""Tanashahi Hatao, Loktantra Bachao"" rally in the national capital on Wednesday to corner the BJP-led NDA government at the Centre, a senior party leader said.",https://www.ndtv.com/india-news/rahul-gandhi-invited-for-aaps-tanashahi-hatao-loktantra-bachao-rally-1991969
"As feud within the Chautala family continues to play out in public, Hisar lawmaker Dushyant Chautala asked his uncle Abhay Chautala to apologise or face legal notice after the senior INLD leader had accused his father Ajay Chautala, of selling party tickets in the 2014 assembly elections.",https://www.ndtv.com/india-news/dushyant-chautalas-warning-to-uncle-over-allegations-against-father-1991963
"Tamil Nadu's ruling AIADMK, which is being wooed by the BJP ahead of the Lok Sabha polls, on Monday criticized the Narendra Modi government on various fronts including demonetization, GST, unemployment and farm distress.",https://www.ndtv.com/india-news/bjps-interim-budget-is-an-election-manifesto-says-aiadmk-1991958
"A life-size portrait of former Prime Minister Atal Bihari Vajpayee will be unveiled by the President in Parliament House on Tuesday, an official said.",https://www.ndtv.com/india-news/life-size-portrait-of-atal-bihari-vajpayee-to-be-unveiled-in-parliament-1991956
"Two more main accused in the deaths of over a 100 people after consuming toxic liquor in Uttarakhand and Uttar Pradesh have been arrested, the police said on Monday. Hardev and Sukhwinder, residents of Saharanpur in western UP, were arrested in the district where over 35 people died after consuming toxic liquor.",https://www.ndtv.com/india-news/2-more-arrested-in-toxic-liquor-case-uttarakhand-forms-special-probe-team-1991954
"In a setback to the ruling CPI(M) in Kerala, the CBI on Monday filed murder and conspiracy charges against party strongman P Jayarajan in a case relating to the murder of a 22-year-old Muslim Students Federation activist in 2012.",https://www.ndtv.com/india-news/cbi-charges-kerala-cpm-leaders-p-jayarajan-tv-rajesh-for-murder-of-activist-in-2012-1991951
"The Congress on Monday slammed BJP parliamentarian Harish Dwivedi for his reported comments against party leader Priyanka Gandhi Vadra, calling them ""sexist and inappropriate"".",https://www.ndtv.com/india-news/bjp-lawmaker-slammed-for-comment-on-priyanka-gandhi-vadra-1991950
"Reacting strongly to veteran actor-director Amol Palekar being interrupted during a speech at the National Gallery of Modern Art (NGMA) in Mumbai when he criticised the government, author Nayantara Sahgal has said that the country is not facing intolerance but is under ""outright dictatorship"".",https://www.ndtv.com/india-news/nayantara-sahgal-says-government-behaving-like-hitlers-germany-1991949
"Army soldiers on Monday evacuated a woman, pregnant with twins and stuck in deep snow, in Jammu and Kashmir, carrying her on foot to a hospital where she safely delivered the babies.",https://www.ndtv.com/india-news/army-evacuates-pregnant-woman-stuck-in-snow-she-delivers-twins-later-1991948
"Assamese music legend Bhupen Hazarika's son on Monday strongly criticized the centre over the Citizenship (Amendment) Bill 2016, and called the government's move to award his father with the Bharat Ratna ""a display of short lived cheap thrills"".",https://www.ndtv.com/india-news/citizenship-amendment-bill-2016-decision-to-award-bharat-ratna-cheap-thrills-bhupen-hazarikas-son-1991947
"The Supreme Court today said that the criminal justice delivery system can't be allowed to veer exclusively to the benefit of the offender, thereby making it an unidirectional exercise and that proper course of balancing the rights of the accused and that of the prosecution was needed.",https://www.ndtv.com/india-news/justice-system-cant-be-skewed-towards-offenders-benefit-supreme-court-1991945
"The Citizenship (Amendment) Bill 2016, which seeks to provide citizenship to six minority groups from Afghanistan, Pakistan and Bangladesh, will be presented in Rajya Sabha today amid protests in the northeast against it.",https://www.ndtv.com/india-news/citizenship-bill-in-rajya-sabha-tomorrow-amid-protests-in-northeast-1991942
"Bahujan Samaj Party chief Mayawati on Monday took a swipe at Prime Minister Narendra Modi over the Rafale deal, saying honesty, national interest and national security can be compromised and ignored for the sake of the ""chowkidar"".",https://www.ndtv.com/india-news/lok-sabha-elections-2019-national-interest-ignored-for-sake-of-chowkidar-says-mayawati-1991939
The Bombay High Court on Monday granted further protection against arrest to accused academic Prof Anand Teltumbde and posted his application seeking an anticipatory bail for February 22.,https://www.ndtv.com/india-news/in-koregaon-bhima-case-anand-teltumbde-gets-protection-from-arrest-till-february-22-1991935
"Prime Minister Narendra Modi on Monday said that no one in the country can repay the debt of the cow's milk, saying the bovine has been an important part of India's tradition and culture.",https://www.ndtv.com/india-news/pm-modi-in-vrindavan-cannot-repay-debt-of-cows-milk-1991933
Peoples Conference led by separatist-turned-politician Sajad Gani Lone announced today that it will field a former PDP leader and a businessman on two Lok Sabha seats in Jammu and Kashmir.,https://www.ndtv.com/india-news/lok-sabha-election-2019-sajad-lones-party-fields-2-candidates-for-polls-from-jammu-and-kashmir-1991927
"Cracking the whip, the Congress on Monday sought disqualification of four rebel lawmakers under the Anti-Defection law after they repeatedly remained defiant, skipping the assembly session and legislature party meetings.",https://www.ndtv.com/india-news/karnataka-congress-seeks-disqualification-of-rebel-lawmakers-1991925
"The new Twitter account of Congress leader Priyanka Gandhi Vadra got over 1 lakh followers within a span of 10 hours today. In the first 15 minutes after the Congress announced her Twitter account at 11:49 am on Monday, her follower count had crossed 5,000 and 25,000 in the first hour.",https://www.ndtv.com/india-news/new-superstar-shashi-tharoor-on-priyanka-gandhis-twitter-follower-count-1991924
A number of opposition leaders on Monday attended Andhra Pradesh Chief Minister N Chandrababu Naidu's day-long fast and slammed Prime Minister Narendra Modi and his party over a host of issues.,https://www.ndtv.com/india-news/lok-sabha-election-2019-at-chandrababu-naidus-fast-bonhomie-with-sena-on-display-1991923
CBI Additional Director M Nageswara Rao today apologised to the Supreme Court for the transfer of an officer supervising the case involving the sexual abuse of children at Bihar's government-run shelter homes.,https://www.ndtv.com/india-news/cbis-nageswara-rao-apologises-to-supreme-court-for-transferring-officer-1991922
"A mother of two from a conservative family in southern India, Kanakadurga was told over and over again by her relatives how a good wife should behave.",https://www.ndtv.com/india-news/foreign-media-on-kanakadurga-the-woman-who-entered-sabarimala-1991921
The Rajasthan Assembly on Monday passed two bills which seek to end the minimum education criterion for panchayat and civic polls candidates.,https://www.ndtv.com/india-news/bill-passed-to-scrap-minimum-education-qualification-for-civic-polls-in-rajasthan-1991920
"Andhra Pradesh Chief Minister Chandrababu Naidu has accused the Prime Minister and BJP chief Amit Shah of ""hitting below the belt"" and asked them to maintain decorum. The strong reaction was in response to a letter from Amit Shah in which he said that Chandrababu Naidu's ""delusional politics was about to end"".",https://www.ndtv.com/india-news/amit-shah-writes-an-open-letter-says-chandrababu-naidus-delusional-politics-is-about-to-end-1991912
"Studying an opponent's moves is a key ingredient in any battle, a skill that Congress president Rahul Gandhi demonstrated today in full public view while accompanying his sister, Priyanka Gandhi Vadra, during her grand, carnival-like launch of her campaign in the narrow streets of Lucknow in BJP-ruled Uttar Pradesh.",https://www.ndtv.com/india-news/lok-sabha-elections-2019-narendra-modi-ji-used-to-speak-like-this-rahul-gandhi-mimics-pm-1991901
"Reliance chairman Mukesh Ambani and wife Nita today visited Mumbai's Siddhivinayak temple to offer the first invitation card for their son Akash's wedding with Shloka Mehta. The couple, friends since childhood, got engaged in July last year.",https://www.ndtv.com/india-news/mukesh-ambani-wife-nita-offer-son-akashs-wedding-card-at-siddhivinayak-1991900
"Asserting that the Congress would ""play on the front foot"" in Uttar Pradesh, Congress chief Rahul Gandhi said on Monday he and his party would not sit idle till it forms government in the state and that Priyanka Gandhi and Jyotiraditya Scindia had been given that mandate.",https://www.ndtv.com/india-news/lok-sabha-elections-2019-congress-to-play-on-front-foot-in-up-rahul-gandhi-during-mega-roadshow-1991898
"Against the backdrop of cases of Indian women being trapped in fraudulent marriages with non-resident Indians (NRI), a bill was introduced in Rajya Sabha on Monday to make it compulsory to register such marriages within 30 days.",https://www.ndtv.com/india-news/bill-introduced-for-nri-men-to-register-marriage-within-30-days-1991891
"The Ministry of Home Affairs today designated the Dera Baba Nanak land post in Punjab's Gurdaspur district, the exit and entry point for visiting Kartarpur Sahib Gurdwara in Pakistan, as an authorised immigration checkpoint.",https://www.ndtv.com/india-news/for-kartarpur-pilgrims-home-ministry-designates-checkpoint-in-punjab-1991889
"JDU national vice president Prashant Kishor said on Monday that Narendra Modi would return as the Prime Minister after Lok Sabha polls and though Bihar Chief Minister Nitish Kumar was ""a big leader in the NDA"" it was ""unfair"" to view him as a claimant for the top post, even in the event of the BJP not getting a clear mandate.",https://www.ndtv.com/india-news/narendra-modi-to-return-as-pm-says-jdus-prashant-kishor-1991886
"Uttar Pradesh minister Mohsin Raza on Monday claimed that the 2019 Kumbh venue is cleaner compared to the 2013 event, and even the ""Ganga is shining as bright as a pearl this time"", as he asked SP chief Akhilesh Yadav to post pictures of him taking a dip during the previous mela to prove his point.",https://www.ndtv.com/india-news/kumbh-mela-ganga-shining-bright-as-a-pearl-up-minister-mohsin-raza-on-2019-kumbh-mela-1991882
"JDU leader and noted election strategist Prashant Kishor said the Congress in-charge in Uttar Pradesh, Priyanka Gandhi Vadra, will not impact the upcoming Lok Sabha election.",https://www.ndtv.com/india-news/lok-sabha-election-2019-prashant-kishor-on-priyanka-gandhi-vadra-impact-nobody-has-magic-wand-1991880
"Priyanka Gandhi Vadra, the Congress' new general secretary, made a roaring political debut in Uttar Pradesh, the most important state politically. As she launched her campaign for the upcoming national election with a roadshow, among those who had come to catch a glimpse were young fans, not yet voters, but definitely her followers.",https://www.ndtv.com/india-news/priyanka-gandhi-vadra-greets-children-during-mega-roadshow-in-up-1991879
Independent lawmaker Jignesh Mevani's college cancelled its annual day function Monday after the institution's trustees got protest calls against the Dalit leader being the chief guest.,https://www.ndtv.com/india-news/ahmedabad-jignesh-mevani-college-event-cancelled-after-protest-principal-quits-1991878
All government offices in Jammu and Kashmir's Kargil were closed today as part of a shutdown call against the government's decision of creating a separate administrative division for Ladakh region with its headquarters in Leh.,https://www.ndtv.com/india-news/total-shutdown-in-kargil-against-creation-of-ladakh-division-1991864
"Home Minister Rajnath Singh on Monday praised Prime Minister Narendra Modi as a ""cure"" for problems facing the country and asserted he will be voted back to power in the Lok Sabha election that must be held by May.",https://www.ndtv.com/india-news/chowkidar-is-pure-he-is-the-cure-rajnath-singhs-new-slogan-1991862
"Defence Minister Nirmala Sitharaman on Monday said the Army will airlift stranded students and others from Srinagar to Jammu and vice-versa as the national highway, the only surface link that connects the valley with rest of the country, is blocked due to heavy snowfall.",https://www.ndtv.com/india-news/army-to-airlift-stranded-students-others-from-jammu-and-srinagar-1991859
"Andhra Pradesh Chief Minister N Chandrababu Naidu, who is on a day-long fast to demand special status for his state, said that aligning with the BJP was a political compulsion, but forming an anti-BJP front has become a ""democratic compulsion"".",https://www.ndtv.com/india-news/democratic-compulsion-chandrababu-naidu-on-need-for-an-anti-bjp-alliance-1991850
The Interim Budget presented earlier this month by Union Minister Piyish Goyal was passed in the Lok Sabha today amid a walkout by the Congress and the Left parties.,https://www.ndtv.com/india-news/interim-budget-passed-by-lok-sabha-amid-walkout-by-congress-and-left-1991846
"Trinamool Congress leader Abhishek Banerjee Monday said those involved in the killing of his party's MLA Satyajit Biswas will not be spared and they ""will be pulled by the collar and brought back to Kolkata"" even if they flee the city.",https://www.ndtv.com/india-news/will-pull-them-by-collar-trinamools-abhishek-banerjee-says-wont-spare-leaders-killers-1991844
"A report by national auditor CAG on the Rafale deal for 36 fighter jets will be tabled in Parliament tomorrow, but sources say it does not mention pricing, the subject on which the government is facing opposition allegations of corruption.",https://www.ndtv.com/india-news/rafale-cag-report-in-parliament-tomorrow-no-mention-of-pricing-sources-1991839
"Electricity generator NTPC Ltd will regulate power supply to Jammu and Kashmir after the state failed to pay dues over <span class=""rupee"">R<span>s.</span></span> 1,600 crore, the government-run company said in a statement today. Power supply will be scaled down or even snapped starting February 19, it said.",https://www.ndtv.com/india-news/jammu-and-kashmir-faces-massive-power-outage-over-1-600-crores-dues-to-ntpc-1991836
Opposition members on Monday created chaos in the Uttar Pradesh assembly over allegations that negligence on the part of the state government led to a large number of deaths after consumption of spurious liquor. This led to adjournment of the Question Hour.,https://www.ndtv.com/india-news/opposition-demands-yogi-adityanaths-resignation-over-hooch-deaths-1991835
Telangana Chief Minister and TRS supremo K Chandrasekhar Rao would make an appeal to the people of Andhra Pradesh to back YS Jagan Mohan Reddy-led YSRCP in the State and Lok Sabha elections due by May.,https://www.ndtv.com/india-news/lok-sabha-election-2019-kcr-to-appeal-to-andhra-voters-to-support-jagan-mohan-reddys-ysrcp-1991831
The AIADMK today said the central government failed to address the unemployment problem and also attacked it over demonetisation and implementation of Goods and Services Tax (GST).,https://www.ndtv.com/india-news/centre-failed-to-address-unemployment-problem-says-aiadmk-leader-1991828
"Senior Congress leader P Chidambaram on Monday hit back at Prime Minister Narendra Modi for apparently calling him ""recounting minister"", insisting that there was no re-count of votes in the 2009 Lok Sabha polls as was being said.",https://www.ndtv.com/india-news/on-pm-modis-recounting-minister-taunt-p-chidambarams-response-1991827
The Supreme Court on Monday directed the National Commission for Minorities (NCM) to take a decision within three months on a representation seeking laying down of guidelines for defining the term ''minority'' in the context of state-wise population of a community.,https://www.ndtv.com/india-news/define-minority-in-terms-of-state-population-supreme-court-to-national-commission-for-minorities-1991819
"Praising the government's performance on the economic front, Union Minister Jayant Sinha on Monday said tax to GDP ratio rose and the fear of ""tax terrorism"" was gone during its tenure.",https://www.ndtv.com/india-news/if-last-4-budgets-were-cakes-this-years-was-the-icing-jayant-sinha-1991814
"The CEO of Twitter and other top officials have been summoned by the parliamentary panel on information technology to appear before it by February 15 over ""safeguarding citizens' rights"" on social media. The head of the panel, BJP lawmaker Anurag Thakur, today said Twitter has been given a 15-day deadline.",https://www.ndtv.com/india-news/twitter-ceo-to-be-summoned-by-parliamentary-committee-1991794
BJP president Amit Shah on Monday stressed on purity in election funding and said that political parties must run with donations from party workers and not from the black money of the rich.,https://www.ndtv.com/india-news/amit-shah-says-political-parties-must-run-with-donations-from-party-workers-1991793
"The ruling Aam Aadmi Party will launch a campaign -- ""Your MLA and Councillor at your doorstep"" -- from February 15 to step up attack against the BJP-led government at the Centre ahead of the upcoming Lok Sabha polls.",https://www.ndtv.com/india-news/lok-sabha-elections-2019-aap-to-soon-launch-your-mla-and-councillor-at-your-doorstep-campaign-1991786
A video shared by Prime Minister Narendra Modi on Instagram shows his hilarious interaction with schoolchildren after he served food to them to mark the three billionth meal offered by Akshaya Patra foundation.,https://www.ndtv.com/india-news/watch-schoolgirls-witty-reply-to-pm-modi-as-he-serves-akshay-patra-meal-1991783
"As the ongoing agitation to demand reservation for the Gujjar community in government jobs and educational institutes entered its fourth day, the protesters refused to budge from railway tracks in Rajasthan. A Gujjar leader warned that nobody will leave till their demands are met.",https://www.ndtv.com/india-news/not-leaving-till-we-get-5-per-cent-reservation-warn-gujjar-protesters-in-rajasthan-1991782
West Bengal Chief Minister Mamata Banerjee will leave for New Delhi Tuesday to participate in the mega rally of non-BJP leaders convened by Aam Aadmi Party(AAP) on February 13 against the Narendra Modi government.,https://www.ndtv.com/india-news/mamata-banerjee-to-leave-for-delhi-tomorrow-to-attend-opposition-rally-1991762
"Claiming that Prime Minister Narendra Modi would have been ""number one accused"" in the Rafale deal had Lokpal been implemented, the Congress on Monday said in Lok Sabha that his broad shoulders cannot stand the ""bullet of corruption"".",https://www.ndtv.com/india-news/veerappa-moily-pm-modi-would-be-main-accused-in-rafale-deal-if-lokpal-was-there-1991753
Prime Minister Narendra Modi on Monday served food to underprivileged children at a function in Mathura's Vrindavan.,https://www.ndtv.com/india-news/watch-pm-modi-yogi-adityanath-serve-food-to-children-in-vrindavan-1991750
"Former Trinamool Congress MP Kunal Ghosh, an accused in the Saradha chit fund cases, on Monday urged political parties not to politicise the CBI probe into the ponzi scam.",https://www.ndtv.com/india-news/better-late-then-never-ex-tmc-leader-urges-not-to-politicise-ponzi-scam-probe-1991745
"A day after roasting Railway Minister Piyush Goyal for posting a video of India's fastest train, which the Congress says is in fast forward mode, the party today scaled up its attack and posted two videos of the same train side-by-side on its Instagram page.",https://www.ndtv.com/india-news/train-18-congress-jabs-piyush-goyal-with-original-vande-bharat-express-video-1991738
"Vande Bharat Express or Train 18's air conditioned chair car ticket would cost <span class=""rupee"">R<span>s.</span></span> 1,850 and the executive class fare will be <span class=""rupee"">R<span>s.</span></span> 3,520 for a Delhi to Varanasi trip, including the catering service charges, officials told PTI on Monday.",https://www.ndtv.com/india-news/train-18s-delhi-varanasi-ac-ticket-to-cost-rs-1-850-executive-rs-3-520-1991736
"Businessman Robert Vadra and his mother Maureen Vadra will appear before the Enforcement Directorate in Jaipur tomorrow for questioning in a money laundering case. Mr Vadra, the husband of Congress leader Priyanka Gandhi Vadra, wasgrilled for over 24 hours altogether for three days last week in another alleged money laundering case on purchase of a property in the UK worth 1.9 million pounds (approximately <span class=""rupee"">R<span>s.</span></span> 17 crore).",https://www.ndtv.com/india-news/robert-vadra-mother-maureen-vadra-land-in-japur-for-questioning-in-land-case-tomorrow-1991722
"Facebook Inc is expanding its fact-checking network in India to curb the spread of misinformation as the world's largest democracy prepares for a general election that must be held by May, the US-based social media giant said on Monday.",https://www.ndtv.com/india-news/lok-sabha-elections-2019-ahead-of-elections-facebook-adds-5-new-partners-to-spot-fake-news-in-india-1991709
"With the national election just a few months away, Rahul Gandhi plans to meet envoys of the G20 countries. The Congress chief, in the middle of hectic poll campaign, will host a lunch on Friday.",https://www.ndtv.com/india-news/rahul-gandhi-to-meet-envoys-of-g20-countries-over-lunch-on-friday-1991701
"The Supreme Court today rejected a plea by the West Bengal BJP to set aside the Calcutta High Court's 2013 order, which had banned the use of loudspeakers in residential areas in the state. The top court said that children's studies were more important than election campaigns.",https://www.ndtv.com/india-news/the-supreme-court-tells-bengal-bjp-childrens-studies-more-important-than-election-campaign-says-no-t-1991696
"Aam Aadmi Party chief Arvind Kejriwal on Monday launched a piercing attack on Prime Minister Narendra Modi, saying the way he treated state governments, he behaved like the ""prime minister of Pakistan"".",https://www.ndtv.com/india-news/arvind-kejriwal-attacks-pm-modi-as-if-he-is-prime-minister-of-pakistan-1991695
"Priyanka Gandhi Vadra waved, grinned, flashed a thumbs-up sign and pointed Hillary Clinton-style as she launched her charm offensive in Uttar Pradesh today with a roadshow through Lucknow, a longtime BJP stronghold.",https://www.ndtv.com/india-news/priyanka-gandhi-vadra-lucknow-roadshow-in-you-we-see-indira-gandhi-priyanka-gandhi-vadra-thrills-up-1991694
"Veteran actor Amol Palekar, whose address at an event in Mumbai was unceremoniously censored after he tried to criticise a government decision, told NDTV that he would not have gone to the event had he known that he would not be allowed to speak about it. ""When she invited me, if she were to tell me 'speak about this and not about this,' then I would have said 'thank you so much, I don't want to come',"" he told NDTV.",https://www.ndtv.com/india-news/amol-palekar-on-mumbai-event-wouldnt-have-gone-if-i-knew-id-be-cut-off-1991692
"Normal life was affected in Nagaland on Monday during a 10-hour bandh called by civil society organisations in protest against the Citizenship (Amendment) Bill, 2016.",https://www.ndtv.com/india-news/schools-closed-vehicles-off-roads-during-10-hour-nagaland-bandh-over-citizenship-bill-1991680
"Congress leader Jyotiraditya Scindia tweeted the photographic equivalent of the archetypical slow-motion shot of protagonists making an entrance in movies, as he shared a picture of Congress chief Rahul Gandhi, his sister Priyanka and himself on Monday.",https://www.ndtv.com/india-news/aa-dekhe-zara-jyotiraditya-scindias-tweet-with-rahul-gandhi-priyanka-1991676
"Gujjar community blocked National Highway-11, which connects Jaipur with Agra, in Rajasthan's Dausa district on Monday, the fourth day of their agitation demanding 5 per cent reservation in government jobs and educational institutes.",https://www.ndtv.com/india-news/gujjar-quota-agitation-enters-fourth-day-highways-train-tracks-blocked-1991674
"In the peak of election season, people in Tamil Nadu received two back to back gift hampers from the AIADMK government after Chief Minister E Palaniswami - popularly known as EPS - announced <span class=""rupee"">R<span>s.</span></span> 2000 each for 60 lakh families in the state.",https://www.ndtv.com/tamil-nadu-news/aiadmk-government-in-tamil-nadu-announces-rs-2000-each-for-60-lakh-families-a-month-after-pongal-gif-1991672
Prime Minister Narendra Modi on Monday said cow has been an important part of India's tradition and culture and his government has taken several steps to improve the health of cattle.,https://www.ndtv.com/india-news/cow-important-part-of-indias-tradition-and-culture-pm-modi-1991668
"As Priyanka Gandhi Vadra started her campaign for the national election today with a roadshow in Uttar Pradesh capital Lucknow, her husband Robert Vadra wisher her luck on social media, describing her as ""my best friend, a perfect wife and best mother"".",https://www.ndtv.com/india-news/robert-vadra-s-facebook-message-on-wife-priyanka-please-keep-her-safe-1991660
Andhra Pradesh Chief Minister N Chandrababu Naidu's daylong fast demanding special status for his state on Monday became a rallying point for various opposition leaders who visited the protest venue to back him and attack the central government.,https://www.ndtv.com/india-news/lok-sabha-election-2019-opposition-rallies-against-modi-government-at-n-chandrababu-naidus-fast-1991644
"Kolkata Police Commissioner Rajeev Kumar on Monday appeared before the CBI for questioning for the third time in connection with investigations in chit fund cases. Mr Kumar arrived at the CBI office at 11 am, an hour after former Trinamool Congress leader Kunal Ghosh, another accused in the chit fund scam, arrived.",https://www.ndtv.com/india-news/kolkata-top-cop-rajeev-kumar-ex-trinamool-leader-appear-before-cbi-for-questioning-1991623
"The Shiv Sena on Monday mocked the BJP's claim that it would win 43 out of the total 48 Lok Sabha seats in Maharashtra in the upcoming general polls, calling it ""far-fetched"" and ""bereft of reality"".",https://www.ndtv.com/india-news/lok-sabha-election-2019-senas-evm-taunt-for-bjp-over-2019-maharashtra-seat-tally-claim-1991619
"Two senior officers have been suspended by the Uttar Pradesh government on Sunday, in connection with the hooch tragedy in the state and neighbouring Uttarakhand, which killed 104 people. While 67 died in UP, 37 people have been killed in Uttarakhand. After a statewide crackdown, 79,000 litres of country made liquor have seized across the state.",https://www.ndtv.com/india-news/over-a-100-dead-in-hooch-tragedy-uttar-pradesh-government-suspends-2-senior-officers-1991618
The Supreme Court Monday refused to monitor the ongoing CBI investigation into the Saradha chit fund scam in West Bengal.,https://www.ndtv.com/india-news/top-court-refuses-to-monitor-cbi-probe-into-saradha-chit-fund-scam-1991597
"Prime Minister Narendra Modi visited Vrindavan today and served food to underprivileged schoolchildren. He also unveiled a ceremonial plaque to mark the serving of ""3rd billionth meal"" by Akshaya Patra Foundation at Vrindavan Chandrodaya Mandir campus in the holy city.",https://www.ndtv.com/india-news/pm-modi-in-vrindavan-to-serve-3-billionth-akshay-patra-meal-today-live-updates-1991591
"Pitching for ""purity"" in poll funding, BJP president Amit Shah on Monday said the party must run with contributions from its workers and not on donations of ""money bags, builders, contractors and those with black money"".",https://www.ndtv.com/india-news/lok-sabha-elections-2019-bjp-must-run-with-workers-contributions-not-industrialists-amit-shah-1991589
"Prime Minister Narendra Modi exuded confidence on Monday that India would continue to be the fastest-growing large economy, and could be the second-largest economy in the world by 2030.",https://www.ndtv.com/india-news/india-to-grow-at-fastest-pace-could-be-second-largest-economy-by-2030-pm-1991570
"Priyanka Gandhi Vadra will launch her mission Uttar Pradesh today with a roadshow through the crowded streets of Lucknow, the entire route awash with posters of the new Congress general secretary and her brother Rahul Gandhi, the party president.",https://www.ndtv.com/india-news/congress-up-roadshow-priyanka-gandhi-vadra-begins-uttar-pradesh-roadshow-brother-rahul-by-her-side-1991569
"N Chandrababu Naidu In Andhra Bhawan: On a day The Hindu newspaper published a report on anti-corruption conditions being dropped from the supply clause of the Rafale jet deal, Rahul Gandhi launched another fierce attack on Prime Minister Narendra Modi from the spot where Andhra Pradesh chief minister N Chandrababu Naidu sat on a daylong fast.",https://www.ndtv.com/india-news/rahul-gandhi-at-n-chandrababu-naidus-protest-at-andhra-bhawan-pm-narendra-modi-lies-wherever-he-goes-1991567
"Uttar Pradesh Minister Sidharth Nath Singh on Monday said the people of Lucknow will come to see the faces of those who looted the nation in today's ""chor show"".",https://www.ndtv.com/india-news/chor-show-up-bjp-minister-sidharth-nath-singh-labels-rahul-gandhi-priyanka-gandhi-vadra-lucknow-road-1991563
"As Valentine's Week continues, people gear up to celebrate Promise Day today with their partners. This day serves as a reminder to spread love around and to promise your partner commitment and togetherness. February is the month of love and Rose Day, Promise Day all lead up to the big day of February 14.",https://www.ndtv.com/india-news/happy-promise-day-2019-whatsapp-messages-poems-to-send-your-partner-on-promise-day-1991547
"Trade relations between India and the UK is not likely to be affected after Brexit, British trade commissioner to South Asia Crispin Simon has said.",https://www.ndtv.com/india-news/india-uk-trade-not-to-be-affected-by-brexit-british-trade-commissioner-1991539
"Congress general secretary Priyanka Gandhi Vadra on Monday unveiled her official Twitter handle, drawing thousands of followers within the first few minutes.",https://www.ndtv.com/india-news/priyanka-gandhi-vadra-is-now-on-twitter-hundreds-of-followers-in-minutes-1991532
"The Congress on Monday said the Rafale deal is ""unravelling"" faster than the government thought, with issues such as ""parallel negotiations"" by the PMO and changes in the standard defence procurement procedure coming to the fore.",https://www.ndtv.com/india-news/rafale-deal-unravelling-faster-than-government-thought-congress-1991521
The fervour among Congress supporters in Uttar Pradesh over Priyanka Gandhi Vadra's first visit to the state after being given charge of its eastern half is scraping hysterical levels.,https://www.ndtv.com/india-news/priyanka-gandhi-vadra-is-goddess-durga-on-poster-before-lucknow-rally-1991516
"Union minister Nitin Gadkari's latest comment has once again been projected by the Congress as an ""attack"" on his party BJP and Prime Minister Narendra Modi. Addressing a gathering on Sunday near Pune, Nitin Gadkari said, ""We do not believe in casteism...I do not know about you but there is no place for caste in our five districts because I have warned everybody that if anyone talks about caste, I will thrash him,"" said Mr Gadkari who represents Nagpur Lok Sabha seat.",https://www.ndtv.com/india-news/nitin-gadkari-s-direct-attack-on-prime-minister-narendra-modi-tweets-congress-over-new-remarks-1991512
The BJP's West Bengal unit has sought permission from the Kolkata Police to conduct a dharna later this month at the same spot in the city where West Bengal Chief Minister Mamata Banerjee had organised a sit-in demonstration last week.,https://www.ndtv.com/india-news/bjp-seeks-permission-for-sit-in-at-mamata-banerjees-protest-site-1991506
"As Priyanka Gandhi Vadra begins her campaign today for the Congress in Uttar Pradesh ahead of the national election, a group of party workers are geared up to work as her ""army"", complete with a pink uniform that has her photo and a message.  They call themselves the 'Priyanka Sena'.",https://www.ndtv.com/india-news/lok-sabha-elections-2019-lucknow-congresss-priyanka-sena-in-all-pink-uniform-has-a-mission-too-1991458
"Key conditions for anti-corruption penalties and an escrow account for payments were dropped days before the Rafale deal was signed, <i>The Hindu</i> newspaper has reported, describing them as major and unprecedented concessions from a government that has repeatedly stressed on fighting corruption in defence deals.",https://www.ndtv.com/india-news/government-made-major-unprecedented-concessions-in-rafale-deal-report-1991449
Security personnel are conducting search operations in Jammu and Kashmirs Uri after suspicious movement was detected near an army camp in the area last night.,https://www.ndtv.com/india-news/suspicious-movement-detected-in-jammu-and-kashmirs-uri-search-operation-launched-1991447
"In a message to Congress supporters and voters ahead of her first visit to Uttar Pradesh as party general secretary, Priyanka Gandhi Vadra said that she hopes to ""start a new kind of politics in which everyone - even the weakest - will be a stakeholder"".",https://www.ndtv.com/india-news/priyanka-gandhi-vadras-phone-message-ahead-of-mega-up-roadshow-1991441
Andhra Pradesh Chief Minister N Chandrababu Naidu is sitting on a day-long fast in Delhi today to demand special status for the state.,https://www.ndtv.com/india-news/chandrababu-naidu-on-day-long-fast-to-demand-special-status-for-andhra-pradesh-live-updates-1991430
"Police on Sunday seized <span class=""rupee"">R<span>s.</span></span> 3.5 crore in banned notes from a village in Gujarat. Four people have been arrested in connection with the case.",https://www.ndtv.com/india-news/2-years-after-notes-ban-gujarat-police-seizes-rs-3-5-crore-in-old-currency-1991418
Andhra Pradesh Chief Minister Chandrababu Naidu gave a point-by-point rebuttal to Prime Minister Narendra Modi's allegations levelled against him during a rally in the southern state on Sunday.,https://www.ndtv.com/india-news/lok-sabha-elections-2019-on-backstabbing-jab-chandrababu-naidu-reminds-pm-of-vajpayee-lk-advani-1991414
Lok Sabha Elections 2019: Priyanka Gandhi Vadra will today morning reach Uttar Pradesh capital Lucknow to kick off a rally accompanied by her brother Congress President Rahul Gandhi and senior party leader Jyotiraditya Scindia.,https://www.ndtv.com/india-news/priyanka-gandhi-in-uttar-pradesh-live-updates-priyanka-gandhi-to-kick-off-congress-rally-in-lucknow-1991406
"Rajasthan Chief Minister Ashok Gehlot on Sunday said that his government was ready to open talks with Gujjars, but condemned the violence and blocking of road and train traffic by protesters in the state.",https://www.ndtv.com/india-news/rajasthan-chief-minister-ashok-gehlot-says-government-ready-for-discussion-with-gujjars-1991395
Elaborate preparations are underway in Vrindavan for Prime Minister Narendra Modi's programme today during which he will serve food to underprivileged schoolchildren.,https://www.ndtv.com/india-news/pm-modi-to-unveil-plaque-for-3rd-billionth-meal-in-vrindavan-today-1991391
"In an attempt to establish a connect with the local audience, Prime Minister Narendra Modi on Sunday quoted from Thirukurual and peppered his speech with local names.",https://www.ndtv.com/india-news/pm-modi-recalls-tamil-heroes-on-first-state-visit-says-kamaraj-rule-in-tamil-nadu-1991387
"Uttar Pradesh Deputy Chief Minister Keshav Prasad Maurya said he would not be surprised if the BJP bags all 80 Lok Sabha seats in the state, and asserted it was an ""ideological victory"" for the party that opposition parties were ""pursuing soft Hindutva"".",https://www.ndtv.com/india-news/uttar-pradesh-deputy-chief-minister-keshav-prasad-maurya-says-wont-be-surprised-if-bjp-bags-all-80-s-1991383
"Mohammad Hanif Syed, one of the three convicts sentenced to death in the 2003 Mumbai twin bomb blasts and currently lodged in the Nagpur Central Jail, died at a hospital, a prison officer said on Sunday.",https://www.ndtv.com/india-news/mohammad-hanif-syed-sentenced-to-death-in-2003-mumbai-blasts-dies-at-hospital-1991379
"Six women were injured when the police tried to disperse a group of people who had gathered to protest against the Citizenship (Amendment) Bill in Manipur's capital Imphal on Sunday. They have been admitted to a hospital, the police said. The women were protesting at the Ima Keithel or Mother's Market, where the traders are only women.",https://www.ndtv.com/india-news/6-women-injured-in-police-action-over-citizenship-bill-protest-in-imphal-1991378
"The Gujarat Forest department has begun efforts to locate a tiger after a photo of it crossing a road in Lunawada taluka of Mahisagar district went viral on social media, a senior official said.",https://www.ndtv.com/india-news/tiger-seen-in-gujarat-for-first-time-in-decades-officials-go-on-cat-hunt-1991375
"Prime Minister Narendra Modi today said Karnataka Chief Minister H D Kumaraswamy was becoming a ""punching bag"", as he took a swipe at the JD(S)-Congress coalition government in the state. Calling the coalition ""helpless"", PM Modi predicted a similar model for the country if the opposition came into power at the centre.",https://www.ndtv.com/karnataka-news/lok-sabha-elections-2019-pm-narendra-modis-jibe-at-karnataka-coalition-hd-kumaraswamy-a-punching-bag-1991371
"Railway Minister Piyush Goyal's tweet on Sunday featuring a video of India's fastest train, was shot down by the Congress as ""lies"".",https://www.ndtv.com/india-news/piyush-goyal-tweets-video-of-train-mr-ghotalas-lies-says-congress-1991370
The government has refused to share details of the decision-making process on quota for economically weaker section (EWS) citing a clause of the RTI Act that bars disclosure of records of cabinet papers and discussions by ministers.,https://www.ndtv.com/india-news/government-denies-rti-request-on-quota-for-economically-weak-1991365
The National Gallery of Modern Art on Sunday denied Amol Palekar's allegation that the advisory panel of the gallery's Mumbai and Bengaluru centres have been scrapped,https://www.ndtv.com/india-news/advisory-bodies-not-dissolved-national-gallery-of-modern-art-on-amol-palekars-allegations-1991360
"Rajasthan could see a 2004 like scenario after the coming Lok Sabha elections, when Congress rode back to power after eight years out of office, Deputy chief minister of that state Sachin Pilot said in Bengaluru on Sunday.",https://www.ndtv.com/india-news/wont-be-surprised-if-mighty-bjp-has-fantastic-fall-sachin-pilot-1991358
"Priyanka Gandhi Vadra, who is being hailed by many as the Congress' big hope in the make-or- break state of Uttar Pradesh ahead of the Lok Sabha polls, will finally arrive in Lucknow this morning. Rahul Gandhi, brother and Congress president, had announced her entry into politics as the party's general secretary in-charge of eastern Uttar Pradesh two weeks ago.",https://www.ndtv.com/india-news/lok-sabha-elections-2019-will-priyanka-gandhi-boost-congress-chances-in-uttar-pradesh-mission-begins-1991357
"Judging is ""under stress"" in the digital era, a Supreme Court judge said Sunday, lamenting that even before a case is taken up by the court, people start discussing on social media what the outcome ""should be"" which has an influence on the judges.",https://www.ndtv.com/india-news/judging-is-under-stress-in-digital-era-says-justice-ak-sikri-1991356
A one-and-half-year-old died of burn injuries at a government hospital in Madhya Pradesh as it didn't have a ventilator and the doctor allegedly asked her parents to arrange one on their own. A cellphone video shows the doctor telling the family that the Burns ward doesn't have a ventilator.,https://www.ndtv.com/india-news/madhya-pradesh-baby-dies-as-burns-ward-doesnt-have-ventilator-family-told-to-get-one-1991355
Former Union Minister Yashwant Sinha today said the Citizenship (Amendment) Bill 2016 will not be passed in the Rajya Sabha even as he insisted that the Modi government is not going to come to power for a second time.,https://www.ndtv.com/india-news/yashwant-sinha-no-party-except-bjp-will-push-for-citizenship-bill-1991354
"Priyanka Gandhi Vadra will complement Congress president Rahul Gandhi's efforts in winning over young voters and the brother-sister combine will be a game changer for the party in the Lok Sabha polls as the country needs a young team, technocrat-turned-politician Sam Pitroda said on Sunday.",https://www.ndtv.com/india-news/lok-sabha-election-2019-priyanka-gandhi-vadra-will-complement-brothers-efforts-says-sam-pitroda-1991353
"Prime Minister Narendra Modi took a swipe at the Congress today at a rally in Tirupur, saying the good work of the NDA government has made some people very unhappy.",https://www.ndtv.com/india-news/once-for-ice-cream-now-family-packs-for-bail-pm-modi-mocks-congress-1991351
"Rahul Gandhi has ""Rafale phobia"", the BJP took a swipe at the Congress chief for his continuing attack on the Prime Minister over the controversial fighter jet deal. Mr Gandhi was also accused of playing with the country's security in the most ""irresponsible manner"".",https://www.ndtv.com/india-news/rafale-phobia-bjp-stings-rahul-gandhi-for-his-attack-on-pm-modi-1991342
The Police today recovered 26.5 kg of stolen gold and arrested three persons from different places of Bihar in connection with the loot of gold from a private finance company in Muzaffarpur.,https://www.ndtv.com/india-news/26-5-kg-gold-looted-from-finance-company-in-bihar-recovered-3-arrested-1991341
"Budget major IndiGo continued to cancel multiple domestic flights across the country on Sunday as its flight operations have been ""badly disrupted"" after hailstorm lashed parts of north India earlier this week.",https://www.ndtv.com/india-news/indigo-continues-to-cancel-multiple-flights-days-after-hailstorm-hit-north-india-1991339
Prime Minister Narendra Modi today evening unveiled various development projects in the twin cities of Hubballi and Dharwad in Karnataka.,https://www.ndtv.com/india-news/prime-minister-narendra-modi-flags-off-development-projects-in-karnataka-1991338
"With the Lok Sabha elections and Assembly polls drawing closer, heavyweights of both BJP and Congress are all set to increase the frequency of their visits to Odisha.",https://www.ndtv.com/india-news/bjp-congress-heavyweights-on-whirlwind-tour-of-odisha-1991335
"Prime Minister Narendra Modi will kick-start BJP's Lok Sabha campaign in Madhya Pradesh with rallies on February 15 and 16, the party said in Indore today.",https://www.ndtv.com/india-news/lok-sabha-elections-2019-pm-narendra-modi-to-start-bjps-madhya-pradesh-lok-sabha-election-campaign-n-1991333
"Eleven people were injured in a grenade attack by terrorists in Srinagar's Lal Chowk on Sunday. Seven of the injured were police and CRPF personnel, while four were civilians.",https://www.ndtv.com/india-news/11-injured-in-grenade-attack-at-srinagars-lal-chowk-1991331
"Andhra Pradesh Chief Minister N Chandrababu Naidu began a day-long hunger strike in New Delhi this morning to demand special status for the state and urge the centre to fulfil promises made when Telangana was carved out of Andhra Pradesh in 2014. The protest comes just a day after PM Modi held a rally in Andhra Pradesh, roasting Mr Naidu for allegedly wasting public money on political campaigns.",https://www.ndtv.com/india-news/chandrababu-naidu-to-fast-again-to-demand-special-status-for-andhra-pradesh-1991330
"Former Congress leader SM Krishna said on Sunday that Rahul Gandhi was an ""extra-constitutional authority"" in the government even when he was a ""nobody"" during the party's rule.",https://www.ndtv.com/india-news/former-congress-leader-sm-krishna-on-rahul-gandhi-extra-constitutional-authority-1991329
"Jet Airways has withdrawn flights to Aizawl from Guwahati and Delhi. The Saturday Jet Airways Aizawl-Guwahati flight was the last one to take off from Lengpui Airport, about 32 km from Aizawl.",https://www.ndtv.com/india-news/jet-airways-withdraws-flights-to-aizawl-from-guwahati-delhi-1991326
"Several trains were cancelled, diverted and terminated as the agitation by Gujjars in Rajasthan over Kota demand continued for the third consecutive day on Sunday.",https://www.ndtv.com/india-news/gujjar-agitation-enters-third-day-train-services-remain-affected-1991323
Prime Minister Narendra Modi today said an army coup would never happen in India apparently referring to alleged planting of false stories that the army under the then chief V K Singh had planned such a move in 2011-12.,https://www.ndtv.com/india-news/pm-modi-slams-alleged-fake-stories-army-will-never-stage-a-coup-1991317
"Senior Congress leader Kapil Sibal on Sunday accused the Comptroller and Auditor General (CAG) of being ""complicit in the irregularities'' in the Rafale fighter jets deal and alleged ""the bungling was happening at the highest level with his direct or indirect complicity and consent"".",https://www.ndtv.com/india-news/how-can-rajiv-mehrishi-probe-his-own-role-in-rafale-asks-kapil-sibal-1991315
"Prime Minister Narendra Modi today said Tiruchirappalli airport could cater to as many as 3,000 passengers during peak hours after completion of a new integrated building, for which he laid the foundation stone.",https://www.ndtv.com/india-news/tiruchirappalli-airport-can-cater-to-3-000-passengers-prime-minister-narendra-modi-1991304
"Andhra Pradesh Chief Minister N Chandrababu Naidu on Sunday delivered a stinging rebuttal to Prime Minister Narendra Modi's allegations that public funds were being used to finance his political campaigns, and warned that personal attacks against him would only beget a similar response.",https://www.ndtv.com/india-news/chandrababu-naidu-warns-prime-minister-narendra-modi-personal-attacks-beget-personal-attacks-1991296
"Meals on board the soon-to-be-launched Vande Bharat Express or Train 18 will not be optional for passengers, unlike in premium trains such as Shatabdi, Rajdhani and Duronto express, where they can choose not to avail catering services, officials said.",https://www.ndtv.com/india-news/passengers-aboard-train-18-indias-fastest-cant-opt-out-of-meals-1991295
"PDP chief Mehbooba Mufti on Sunday praised Pakistan Prime Minister Imran Khan for taking steps to name a forest reserve after Guru Nanak Dev, but hit out at the Centre saying its ""top priority"" seems to be renaming ancient cities and building Ram temple in Ayodhya.",https://www.ndtv.com/india-news/mehbooba-mufti-praises-pak-pm-jabs-centre-over-names-says-how-times-change-1991288
"The defence corridors in Uttar Pradesh and Tamil Nadu will generate 3.5 lakh jobs at their various stages of supply chain, Defence Minister Nirmala Sitharaman said on Sunday.",https://www.ndtv.com/india-news/defence-corridors-in-up-tamil-nadu-to-create-3-5-lakh-jobs-nirmala-sitharaman-1991287
Bihar Deputy Chief Minister Sushil Kumar Modi today said prohibition cannot work everywhere as it did in his state.,https://www.ndtv.com/india-news/prohibition-cannot-work-everywhere-sushil-modi-1991285
"Prime Minister Narendra Modi on Sunday said that the Congress governments in the past ignored the defence sector, alleging that for them it was a ""sector of deals"" meant for ""supporting their own friends"".",https://www.ndtv.com/india-news/lok-sabha-elections-2019-scams-from-seas-to-skies-pm-modi-says-congress-ignored-defence-sector-1991283
"A day after over 70 people died after consuming poisonous liquor in Uttarakhand and Uttar Pradesh, Congress leader Priyanka Gandhi Vadra today said the state governments must take action against those responsible for the tragedy, and offered her condolences to the families of those who died. The BJP is in power in Uttarakhand and Uttar Pradesh.",https://www.ndtv.com/india-news/priyanka-gandhi-vadra-says-illegal-liquor-trade-thrived-after-up-uttarakhand-deaths-1991282
"Noted Indian historian Sanjay Subrahmanyam has won Israel's prestigious Dan David Prize for this year for his work on inter-cultural encounters between Asians, Europeans and people of North and South America during the early modern era.",https://www.ndtv.com/india-news/indian-historian-sanjay-subrahmanyam-wins-israels-million-dollar-dan-david-award-1991278
"With the national election barely months away, Union minister Arun Jaitley has launched an all-out attack on the Congress. From terming the Congress' stand on multiple issues as ""self-contradictory"" to calling the party as ""institution wreakers"", Mr Jaitley has shredded the charges and claims made by the grand-old party in his latest blog.",https://www.ndtv.com/india-news/arun-jaitley-slams-rahul-gandhi-says-failed-student-always-hates-the-topper-1991272
"American aerospace major Boeing on Sunday announced the arrival of the first batch of four Chinook military helicopters for the Air Force at Mundra port in Gujarat. A statement from the company said the CH47F (I) Chinooks will be ferried to Chandigarh, where they will be formally inducted into the Air Force later this year.",https://www.ndtv.com/india-news/first-batch-of-4-boeing-heavy-lift-chinook-helicopters-reach-india-1991267
"Seeking a stronger connect withDalitvotersin the run uptothe Lok Sabha elections, theBJPis holding ''Samrasta Bhoj'' (social harmony feast) in the 12 reserved assembly constituencies spread across six parliamentary seats inDelhi.",https://www.ndtv.com/india-news/delhi-bjp-reaches-out-to-dalit-voters-through-community-meals-1991266
"In a blistering attack on Andhra Pradesh Chief Minister N. Chandrababu Naidu, Prime Minister Narendra Modi today said he was having sleepless nights as the Centre was seeking an accounting of every rupee given to the state.",https://www.ndtv.com/india-news/chowkidar-giving-andhra-chief-minister-n-chandrababu-naidu-sleepless-nights-pm-modi-1991256
The gates of Uttrakhand's Badrinath Temple will be reopened for pilgrims after a long winter break on May 10 at 4.15 am.,https://www.ndtv.com/india-news/badrinath-temple-to-be-re-opened-for-pilgrims-on-may-10-1991255
"Creating a separate administrative division for Ladakh with its headquarters at Leh is backfiring on the centre. Two days after the government issued the controversial order, thousands of Kargil residents marched in the bone-chilling cold to demand that the decision be reviewed immediately. They have refused to be part of the newly created division unless there is six-month rotation of offices between Leh and Kargil.",https://www.ndtv.com/india-news/kargil-residents-brave-bone-chilling-cold-to-protest-ladakh-division-move-1991253
Former External Affairs Minister SM Krishna on Saturday alleged that he had to quit the Manmohan Singh-led government and the Congress party due to constant interference by Rahul Gandhi.,https://www.ndtv.com/india-news/quit-congress-upa-due-to-rahul-gandhis-interference-sm-krishna-1991251
"A wooden replica of the Ashok Stambh fetched <span class=""rupee"">R<span>s.</span></span> 13 lakh and a Lord Shiva statuette sold for <span class=""rupee"">R<span>s.</span></span> 10 lakh, much higher than their base prices, at the fortnight-long auction of mementos received by Prime Minister Narendra Modi during his tenure.",https://www.ndtv.com/india-news/several-pm-narendra-modis-gifts-fetch-high-bids-at-auction-1991244
The Rajasthan police on Sunday fired tear gas shells to prevent members of the Gujjar community--who have been protesting for their demand of five per cent quota in jobs and education-- from blocking a highway connecting Dholpur to Gwalior.,https://www.ndtv.com/india-news/rajasthan-police-open-fire-on-gujjar-agitators-on-day-3-of-quota-protests-1991243
A Dubai court charged an Indian man with sexually harassing a tourist inside an elevator at a residential tower.,https://www.ndtv.com/india-news/indian-man-charged-with-harassing-tourist-inside-elevator-in-dubai-1991239
"Freedom of speech or the right to communicate without any fear of censorship was once again brought under the spotlight after noted Hindi and Marathi actor-filmmaker Amol Palekar was repeatedly interrupted and ""requested"" to stick to the topic at an event in Mumbai.",https://www.ndtv.com/india-news/opposition-attacks-centre-as-amol-palekar-calls-out-censorship-at-mumbai-event-1991238
"Jamil Ansari (name changed) runs a mobile phone repair shop in Maharashtra's Beed district. But, nobody would imagine that only two years ago, he was on the verge of joining the dreaded terror outfit ISIS by travelling to Iraq, thousands of kilometres away.",https://www.ndtv.com/india-news/once-under-isis-influence-men-in-maharashtra-make-a-new-beginning-1991231
"The strategic Jammu-Srinagar highway remained closed for a fifth consecutive day on Sunday, as authorities said road clearance operation was continuing on ""war-footing"".",https://www.ndtv.com/india-news/jammu-and-kashmir-jammu-srinagar-highway-remains-closed-for-fifth-consecutive-day-1991227
"Priyanka Gandhi Vadra will complement Congress president Rahul Gandhi's efforts in winning over young voters and the brother-sister combine will be a game changer for the party in the Lok Sabha polls as the country needs a young team, technocrat-turned-politician Sam Pitroda said Sunday.",https://www.ndtv.com/india-news/lok-sabha-elections-2019-rahul-priyanka-gandhi-game-changer-for-congress-says-sam-pitroda-1991224
"Embarking on a digital journey during the ongoing Kumbh, the ''Ram Naam Bank'', where devotees deposit booklets after writing the name of Lord Ram, has now made its presence on the digital platform.",https://www.ndtv.com/india-news/at-kumbh-ram-naam-bank-goes-digital-1991222
"Weeks after Priyanka Gandhi Vadra's official entry into politics, a BJP parliamentarian took a shocking dig at the Congress leader, invoking her choice of dresses in a demeaning manner.",https://www.ndtv.com/india-news/priyanka-gandhi-vadra-wears-jeans-in-delhi-saree-sindoor-in-up-bjp-mp-1991214
"Calling the Congress President Rahul Gandhi's promise of a minimum income guarantee to poor unimplementable, NITI Aayog Vice Chairman Rajiv Kumar says it is similar in nature to former Prime Minister Indira Gandhi's ""Garibi Hatao"" slogan.",https://www.ndtv.com/india-news/niti-aayog-vice-chairman-rajiv-kumar-says-rahul-gandhis-minimum-income-guarantee-not-feasible-1991210
"Five terrorists were killed today in an encounter with security forces in Jammu and Kashmir's Kulgam district, an army official said.",https://www.ndtv.com/india-news/five-terrorists-killed-in-encounter-in-jammu-and-kashmirs-kulgam-district-1991209
"Congress president Rahul Gandhi on Sunday attacked the Centre over the issue of job creation, alleging that incompetence coupled with arrogance has made the government a ""textbook case of moral bankruptcy"".",https://www.ndtv.com/india-news/lok-sabha-elections-2019-modi-government-textbook-case-of-moral-bankruptcy-rahul-gandhi-1991207
"Amid the controversy over the withholding of a report on the country's unemployment situation, the government has cited data from provident fund records, Income Tax filings and the National Pension System (NPS), besides a possible upswing in the informal sector to show generation of crores of new jobs.",https://www.ndtv.com/india-news/nsso-unemployment-report-mahesh-vyas-epf-enrolment-income-tax-data-cannot-measure-job-creation-1991205
"Narendra Modi will be the BJP's prime ministerial candidate even if the ruling NDA falls short of a majority in the Lok Sabha elections as his leadership qualities are ""unmatched"", Uttar Pradesh Deputy Chief Minister Keshav Prasad Maurya has said.",https://www.ndtv.com/india-news/lok-sabha-elections-2019-pm-modis-leadership-qualities-unmatched-he-will-be-bjps-face-keshav-prasad--1991199
Uttar Pradesh minister and Bharatiya Janata Party (BJP) ally Suheldev Bhartiya Samaj Party (SBSP) chief Om Prakash Rajbhar said West Bengal Chief Minister Mamata Banerjee is the best fit for Prime Minister.,https://www.ndtv.com/india-news/om-prakash-rajbhar-says-mamata-banerjee-is-best-fit-for-pm-right-now-1991194
"Prime Minister Narendra Modi on Sunday launched a scathing attack on Andhra Pradesh Chief Minister and TDP supremo Chandrababu Naidu, saying he has made a ""U-turn"" on promises of development to the state and only trying to replicate NDA government''s schemes.",https://www.ndtv.com/india-news/lok-sabha-elections-2019-pm-modi-gave-andhra-more-than-special-status-chandrababu-naidu-failed-it-1991193
"The troubles for Robert Vadra, brother-in-law of Congress President Rahul Gandhi, who was grilled by the Enforcement Directorate (ED) for three days in connection with a money laundering case, may not end any time soon as the probe agencies are again set to question him in the coming days in different cases involving his company Skylight Hospitality.",https://www.ndtv.com/india-news/investigative-agencies-to-grill-robert-vadra-in-more-cases-sources-1991192
Union Minister Smriti Irani on Saturday hit out at Congress President Rahul Gandhi over his remark on Indian Air Force (IAF) pilots.,https://www.ndtv.com/india-news/smriti-irani-rahul-gandhis-remark-on-iaf-pilots-indicates-his-mindset-1991177
"Issuing a threat to the BJP, one of its allies in Uttar Pradesh - the Suheldev Bharatiya Samaj Party said on Sunday it will part ways with the party if the recommendations of the Social Justice Committee are not implemented by February 24.",https://www.ndtv.com/india-news/lok-sabha-elections-2019-bjp-ally-threatens-of-quitting-alliance-joining-mayawati-akhilesh-yadav-1991167
Vasant Panchami 2019: President Ram Nath Kovind and Prime Minister Narendra Modi on Sunday extended their greetings on the occasion of Basant Panchami 2019. Basant Panchami is the festival celebrating the spring season.,https://www.ndtv.com/india-news/basant-panchami-president-kovind-narendra-modi-greet-nation-1991157
"BJP leader Mukul Roy was among the four people who have been named in connection with the killing of Trinamool Congress MLA Satyajit Biswas in West Bengal's Nadia district. Of the four people, two people have been arrested and a police officer has been suspended in connection with the case.",https://www.ndtv.com/india-news/satyajit-biswas-murder-2-arrested-cop-suspended-over-trinamool-leaders-killing-in-bengal-1991147
"Robert Vadra, son-in-law of UPA chairperson Sonia Gandhi, who has been grilled by the Enforcement Directorate three times for his involvement in a money laundering case, on Sunday said ""truth will always prevail.""",https://www.ndtv.com/india-news/robert-vadra-on-facebook-amid-questioning-by-enforcement-directorate-truth-will-always-prevail-1991142
"After formally joining politics, Congress general secretary, Priyanka Gandhi Vadra will make her maiden visit to Uttar Pradesh on Monday.Accompanied by Congress chief Rahul Gandhi and Jyotiraditya Scindia, who is now in charge for western UP, Priyanka Gandhi Vadra has a hectic four-day trip ahead. The party in UP is seeing the visit as a virtual launch of the Congress campaign in the key state, ahead of the Lok Sabha elections.",https://www.ndtv.com/india-news/priyanka-gandhi-vadra-rahul-gandhi-and-jyotiraditya-scindia-to-kick-off-uttar-pradesh-lok-sabha-poll-1991137
"Nationalist Congress Party chief Sharad Pawar on Saturday said that the growing buzz about Nitin Gadkari as an alternative to Prime Minister Narendra Modi has left him ""worried"".",https://www.ndtv.com/india-news/lok-sabha-elections-2019-sharad-pawar-quips-at-pune-event-worried-for-nitin-gadkari-1991132
"Prime Minister Narendra Modi is on a tri-state visit to Karnataka, Andhra Pradesh and Tamil Nadu today where he launches several development projects and kick off the BJP's Lok Sabha campaign.",https://www.ndtv.com/india-news/pm-narendra-modi-in-andhra-pradesh-live-updates-pm-modi-to-address-rally-in-guntur-1991131
"Union minister Nitin Gadkari was upset about the absence of the Managing Director of Manganese Ore India Ltd. (MOIL) at a mining-related conclave on Saturday, saying he needs to be ""put in his place"".",https://www.ndtv.com/india-news/nitin-gadkari-lashes-out-at-state-run-firm-chief-for-skipping-event-1991130
Veteran actor and director Amol Palekar was repeatedly interrupted during his speech at the National Gallery of Modern Art (NGMA) in Mumbai and then cut off after he criticized the government.,https://www.ndtv.com/india-news/amol-palekars-speech-cut-off-at-ngma-mumbai-event-for-criticising-government-1991122
"As many as 538 people, including 319 GATE aspirants, were airlifted in separate sorties by the Indian Air Force (IAF) between the twin capital cities of Jammu and Srinagar, a defence spokesman said on Saturday.",https://www.ndtv.com/india-news/over-300-students-among-538-airlifted-by-air-force-in-jammu-and-kashmir-1991119
"Mahesh Anand, who essayed negative roles in a number of Bollywood movies, was on Saturday found dead at his residence in Mumbai under mysterious circumstances.",https://www.ndtv.com/india-news/mahesh-anand-bollywood-actor-found-dead-at-home-in-yari-road-andheri-west-mumbai-1991118
"Taking a swipe at the opposition parties' proposed ""grand alliance"", BJP president Amit Shah said if it wins the Lok Sabha polls, every leader of the coalition would take turn to be prime minister for a day on six days of a week and the ""country would be on holiday on Sunday"".",https://www.ndtv.com/india-news/lok-sabha-elections-2019-amit-shah-on-mahagathbandhan-6-pms-for-6-days-holiday-on-sundays-1991107
"West Bengal Congress president Somen Mitra on Saturday said that party president Rahul Gandhi has ""agreed"" with their views of not forging any alliance with the Trinamool Congress in the state in the coming parliamentary elections",https://www.ndtv.com/india-news/west-bengal-congress-chief-somen-mitra-says-rahul-gandhi-agrees-to-non-alliance-with-trinamool-1991104
"Prime Minister Narendra Modi on his first visit to Andhra Pradesh, after the Telugu Desam Party (TDP) broke out of an alliance with the BJP last year, launched a string of attacks on Chief Minister and political rival Chandrababu Naidu.""Why does he (Chandrababu Naidu) often claim that he is senior to me? Yes, he is senior to me in switching sides, forming new alliancesand ""backstabbing"" his seniors - just the way he deceived his father-in-law (NT Rama Rao),"" said PM Modi,",https://www.ndtv.com/india-news/prime-minister-narendra-modi-to-campaign-in-andhra-pradesh-today-tdp-congress-left-parties-to-protes-1991102
"Two men were arrested after over 7,000 bottles of smuggled liquor were seized from a truck in the Masuri area along Eastern Peripheral Expressway, the police said on Saturday.",https://www.ndtv.com/india-news/over-7-000-bottles-of-smuggled-liquor-seized-two-arrested-1991100
"Kolkata Police Commissioner Rajeev Kumar, accused for his alleged role in destroying evidence related to the Saradha chit fund scam, was also questioned in the Rose Valley scam on Sunday, sources said. He arrived at the CBI office in Shillong for questioning for the second consecutive dayon Sunday morning. Mr Kumar was questioned by the CBI for nearly nine hours on Saturday.",https://www.ndtv.com/india-news/kolkata-police-commissioner-rajeev-kumars-day-2-with-cbi-today-after-8-hour-questioning-1991099
Basant Panchami 2019: Basant Panchami marks the beginning of spring in the country and this year it will be observed on February 10.,https://www.ndtv.com/india-news/basant-panchami-2019-interesting-myths-beliefs-behind-the-festival-of-spring-1991096
"Five more swine flu deaths were reported on Saturday in Rajasthan, taking the total death count to 105 from the start of the year, confirmed the officials.",https://www.ndtv.com/india-news/5-more-dead-due-to-swine-flu-in-rajasthan-toll-reaches-105-1991089
"A 14-year-old mentally unsound boy from Madhya Pradesh was reunited with his family after about eight months with the help of Face Recognition Technology, the police said on Saturday.",https://www.ndtv.com/india-news/face-recognition-tool-helps-14-year-old-mentally-unsound-madhya-pradesh-boy-reunite-with-family-1991086
The Ministry of Civil Aviation said on Saturday that airlines are now operating additional flights to Srinagar to ease rush of passengers stranded due to a halt in flight operations earlier this week owing to heavy snowfall,https://www.ndtv.com/india-news/civil-aviation-ministry-says-airlines-operating-extra-flights-to-srinagar-till-monday-1991083
"Home Minister Rajnath Singh on Saturday said the BJP has made India's politics bipolar, which used to be unipolar earlier, while terming the Janata Dal (United) or JD(U) as a natural ally of his party in Bihar.",https://www.ndtv.com/india-news/bjp-transformed-indias-unipolar-politics-to-bipolar-one-rajnath-singh-1991080
"A day after revoking a transfer order issued to four Kerala nuns staying at a Kottayam convent with a colleague who was allegedly raped by Bishop Franco Mulakkal, the Jalandhar diocese of the Catholic Church today released a communique overruling the decision. The new letter stated that the transfer order still stands because bishops do not usually interfere with decisions taken by the Missionaries of Jesus' congregation.",https://www.ndtv.com/india-news/day-after-cancelling-transfer-of-kerala-nuns-church-takes-a-u-turn-1991079
"Ruling out the possibility of a pre-poll alliance, CPI(M) general secretary Sitaram Yechury on Saturday said the party will decide on it's poll partners based on state-level equations.",https://www.ndtv.com/india-news/lok-sabha-elections-2019-cpi-m-says-will-decide-on-poll-partners-based-on-state-level-equations-1991078
"An Army soldier was injured on Saturday in sniper fire apparently from across the border along the Line of Control (LoC) in Jammu and Kashmir's Rajouri district, officials said.",https://www.ndtv.com/india-news/soldier-injured-in-sniper-fire-in-jammu-and-kashmirs-rajouri-1991077
"PM Narendra Modi Rally In Agartala: Prime Minister Narendra Modi said on Saturday that with help from the Bangladesh government, and by using their ports and other infrastructure, Tripura would become the gateway to Southeast Asian countries.",https://www.ndtv.com/india-news/tripura-to-become-gateway-of-southeast-asian-countries-says-pm-modi-1991076
"The BJP on Saturday promised a host of welfare measures including permanent land patta, concrete house to the poor and jobs to the youth in Odisha if it comes to power in the state after the coming Assembly polls.",https://www.ndtv.com/india-news/bjp-promises-house-jobs-if-voted-to-power-in-odisha-1991075
"Meghalaya Chief Minister Conrad K Sangma on Saturday said his party will contest all the 25 Lok Sabha seats in the northeast, including Sikkim.",https://www.ndtv.com/india-news/lok-sabha-election-2019-national-peoples-party-to-contest-all-lok-sabha-seats-in-northeast-1991074
"Congress president Rahul Gandhi is the ""king of lies"" who makes false promises before elections, former Madhya Pradesh chief minister Shivraj Singh Chouhan said in Gujarat on Saturday.",https://www.ndtv.com/india-news/rahul-gandhi-is-the-king-of-lies-says-shivraj-chouhan-1991072
Prime Minister Narendra Modi on Saturday took a dig at the local newspapers saying that instead of highlighting development works they were giving prominence to other issues.,https://www.ndtv.com/india-news/in-assam-pm-modi-has-a-message-for-local-media-on-covering-development-1991071
"Days after his son wedding, Maharashtra Navnirman Sena President Raj Thackeray arranged a mass wedding for 500 tribal couples in Maharashtra's Boisar today. He performed 'kanyadaan' for one of the brides and later handed over the marriage certificate to the couple.",https://www.ndtv.com/india-news/after-sons-wedding-raj-thackeray-hosts-mass-marriage-for-500-couples-1991070
